id,first_name,last_name,email,gender,Credit_card_type
1,Phylys,Woolley,pwoolley0@java.com,Female,china-unionpay
2,Consalve,McWhirter,cmcwhirter1@flavors.me,Male,diners-club-enroute
3,Dannye,McIlwrick,dmcilwrick2@alibaba.com,Female,switch
4,Aluino,Schild,aschild3@yahoo.co.jp,Male,jcb
5,Iris,Whiffen,iwhiffen4@lycos.com,Female,instapayment
6,Carce,Barkus,cbarkus5@alexa.com,Male,jcb
7,Haslett,Smart,hsmart6@netlog.com,Male,jcb
8,Jessey,Comberbach,jcomberbach7@cisco.com,Male,switch
9,Gaby,Lowton,glowton8@ucla.edu,Genderfluid,visa-electron
10,Kim,MacTrusty,kmactrusty9@wp.com,Polygender,jcb
11,Uri,Dudenie,ududeniea@hugedomains.com,Male,diners-club-enroute
12,Jaquelin,Accum,jaccumb@furl.net,Female,diners-club-enroute
13,Orsa,Rangeley,orangeleyc@zimbio.com,Female,bankcard
14,Flo,Scimone,fscimoned@apache.org,Female,visa-electron
15,Bea,Wallege,bwallegee@nationalgeographic.com,Agender,americanexpress
16,Killy,Georghiou,kgeorghiouf@ameblo.jp,Male,bankcard
17,Giulietta,Wasiel,gwasielg@mayoclinic.com,Female,jcb
18,Aridatha,Biasotti,abiasottih@smugmug.com,Female,diners-club-us-ca
19,Woodie,Haburne,whaburnei@bravesites.com,Male,jcb
20,Gallagher,Scroxton,gscroxtonj@cisco.com,Male,jcb
21,Jonis,Burgot,jburgotk@nationalgeographic.com,Female,jcb
22,Mohammed,Doore,mdoorel@cyberchimps.com,Male,instapayment
23,Alyss,Greally,agreallym@merriam-webster.com,Female,laser
24,Thaddeus,Willson,twillsonn@springer.com,Male,diners-club-enroute
25,Bunnie,Woodier,bwoodiero@ifeng.com,Female,jcb
26,Wade,Shambroke,wshambrokep@ifeng.com,Male,china-unionpay
27,Anton,Sandbrook,asandbrookq@hhs.gov,Male,jcb
28,Jordain,Ogle,jogler@exblog.jp,Female,jcb
29,Cassandra,Voller,cvollers@guardian.co.uk,Female,maestro
30,Saxon,Regglar,sregglart@imgur.com,Male,mastercard
31,Maddalena,Morlon,mmorlonu@cisco.com,Female,visa
32,Troy,Scougal,tscougalv@reuters.com,Male,jcb
33,Delcine,Duerden,dduerdenw@buzzfeed.com,Non-binary,diners-club-enroute
34,Charla,Jest,cjestx@accuweather.com,Female,china-unionpay
35,Vern,Cavolini,vcavoliniy@bbc.co.uk,Male,mastercard
36,Darrelle,D'Almeida,ddalmeidaz@nasa.gov,Bigender,visa-electron
37,Coraline,Isacsson,cisacsson10@domainmarket.com,Non-binary,jcb
38,Laney,Hughson,lhughson11@multiply.com,Female,visa
39,Ben,Bannester,bbannester12@msn.com,Male,switch
40,Gil,Harbertson,gharbertson13@psu.edu,Male,china-unionpay
41,Garrick,Curnnokk,gcurnnokk14@seesaa.net,Male,jcb
42,Dania,Cottage,dcottage15@washington.edu,Non-binary,mastercard
43,Ellen,Daviddi,edaviddi16@nsw.gov.au,Non-binary,jcb
44,Arlena,Nuschke,anuschke17@exblog.jp,Female,visa-electron
45,Danny,Sandercock,dsandercock18@tinypic.com,Male,visa-electron
46,Alika,Raulin,araulin19@wiley.com,Female,switch
47,Mick,May,mmay1a@discuz.net,Male,jcb
48,Rodolph,Hallbord,rhallbord1b@blogtalkradio.com,Male,bankcard
49,Garwin,Danilchenko,gdanilchenko1c@loc.gov,Male,jcb
50,Selby,Blackmore,sblackmore1d@timesonline.co.uk,Male,jcb
51,Georas,Sergison,gsergison1e@opensource.org,Male,switch
52,Mattie,Satterfitt,msatterfitt1f@baidu.com,Male,maestro
53,Chandra,Asmus,casmus1g@soundcloud.com,Female,china-unionpay
54,Hale,O'Fallowne,hofallowne1h@ibm.com,Male,mastercard
55,Peder,Bowsher,pbowsher1i@answers.com,Male,jcb
56,Cherin,Gotecliffe,cgotecliffe1j@tmall.com,Female,mastercard
57,Cindelyn,Romeuf,cromeuf1k@meetup.com,Female,switch
58,Ruby,Solway,rsolway1l@e-recht24.de,Female,jcb
59,Ford,Millington,fmillington1m@salon.com,Male,jcb
60,Ethelred,Tremberth,etremberth1n@quantcast.com,Male,jcb
61,Berenice,Claworth,bclaworth1o@google.de,Female,bankcard
62,Mikael,Brun,mbrun1p@hc360.com,Male,mastercard
63,Ginevra,McIvor,gmcivor1q@examiner.com,Female,jcb
64,Silvia,McArthur,smcarthur1r@gmpg.org,Female,jcb
65,Sullivan,Lednor,slednor1s@godaddy.com,Male,jcb
66,Marj,Labrum,mlabrum1t@feedburner.com,Female,laser
67,Dwayne,Sedger,dsedger1u@discuz.net,Male,mastercard
68,Trula,Burnie,tburnie1v@shinystat.com,Female,jcb
69,Alisander,Kamenar,akamenar1w@chron.com,Agender,jcb
70,Bernardo,Dorking,bdorking1x@about.com,Male,jcb
71,Harriette,De Witt,hdewitt1y@wordpress.com,Female,jcb
72,Clare,Boydon,cboydon1z@uol.com.br,Female,diners-club-enroute
73,Stephannie,Melledy,smelledy20@clickbank.net,Female,visa-electron
74,Sherilyn,Johnston,sjohnston21@printfriendly.com,Agender,jcb
75,Averell,Dell'Abbate,adellabbate22@ed.gov,Male,maestro
76,Juanita,Eberlein,jeberlein23@myspace.com,Female,bankcard
77,Wilden,Hiscoe,whiscoe24@bandcamp.com,Male,jcb
78,Kareem,Goodie,kgoodie25@princeton.edu,Male,jcb
79,Judie,Rowlatt,jrowlatt26@businessinsider.com,Female,jcb
80,Elmore,Roelofs,eroelofs27@house.gov,Bigender,jcb
81,Nathaniel,Sprake,nsprake28@digg.com,Male,americanexpress
82,Dalt,Benz,dbenz29@usatoday.com,Male,jcb
83,Jarad,Bockh,jbockh2a@cpanel.net,Male,switch
84,Dall,Zelake,dzelake2b@state.gov,Genderqueer,diners-club-carte-blanche
85,Ophelie,Friberg,ofriberg2c@china.com.cn,Female,jcb
86,Renelle,Raimbauld,rraimbauld2d@nature.com,Genderfluid,visa
87,Bobbie,Borer,bborer2e@tripadvisor.com,Female,jcb
88,Lenora,Antognetti,lantognetti2f@ebay.co.uk,Female,solo
89,Alec,Dalston,adalston2g@bloglovin.com,Male,jcb
90,Nancee,Vallender,nvallender2h@deviantart.com,Female,maestro
91,Kattie,Himpson,khimpson2i@canalblog.com,Genderfluid,mastercard
92,Angelique,Carwithen,acarwithen2j@cafepress.com,Female,maestro
93,Kordula,Nesterov,knesterov2k@plala.or.jp,Female,diners-club-carte-blanche
94,Rosaleen,Killgus,rkillgus2l@twitpic.com,Female,mastercard
95,Maddie,Rouch,mrouch2m@wikia.com,Male,jcb
96,Raymund,Ortelt,rortelt2n@youku.com,Polygender,mastercard
97,Vikki,Shemming,vshemming2o@jugem.jp,Female,diners-club-enroute
98,Keir,Betterton,kbetterton2p@gov.uk,Male,jcb
99,Malina,Reilingen,mreilingen2q@dyndns.org,Female,bankcard
100,Emelita,Vanderplas,evanderplas2r@bandcamp.com,Female,china-unionpay
101,Wrennie,Brunelli,wbrunelli2s@creativecommons.org,Female,jcb
102,Kirbee,Mawford,kmawford2t@dion.ne.jp,Female,maestro
103,Marice,Yon,myon2u@tripadvisor.com,Female,bankcard
104,Dawn,Pickerin,dpickerin2v@cisco.com,Female,china-unionpay
105,Dulcea,Sabathier,dsabathier2w@sciencedaily.com,Female,jcb
106,Avictor,Edgeler,aedgeler2x@shutterfly.com,Male,laser
107,Perrine,Quincee,pquincee2y@devhub.com,Female,jcb
108,Lari,Shrimpling,lshrimpling2z@nsw.gov.au,Female,mastercard
109,Phillip,Carnihan,pcarnihan30@zdnet.com,Male,visa-electron
110,Dorine,Maes,dmaes31@vinaora.com,Female,china-unionpay
111,Imogen,Bertome,ibertome32@techcrunch.com,Female,jcb
112,Cayla,Gummie,cgummie33@independent.co.uk,Female,jcb
113,Tobe,Snoxell,tsnoxell34@mail.ru,Male,jcb
114,Ruy,Joule,rjoule35@narod.ru,Male,instapayment
115,Alejandro,Coopper,acoopper36@patch.com,Male,jcb
116,Silvan,Cosens,scosens37@cargocollective.com,Genderfluid,mastercard
117,Corinna,Thorwarth,cthorwarth38@imdb.com,Female,switch
118,Craggy,Crosson,ccrosson39@webs.com,Male,jcb
119,Orland,Kynder,okynder3a@simplemachines.org,Male,mastercard
120,Bibbye,Sivyer,bsivyer3b@jiathis.com,Female,jcb
121,Stefania,McGeffen,smcgeffen3c@plala.or.jp,Female,jcb
122,Lorelle,Behninck,lbehninck3d@issuu.com,Female,china-unionpay
123,Biddie,McGerr,bmcgerr3e@wix.com,Female,jcb
124,Jareb,Lulham,jlulham3f@seesaa.net,Male,switch
125,Rolph,Cuschieri,rcuschieri3g@rambler.ru,Genderfluid,visa-electron
126,Arnold,Isakson,aisakson3h@omniture.com,Male,visa
127,Cindra,Swiggs,cswiggs3i@icq.com,Female,jcb
128,Adaline,Raoult,araoult3j@feedburner.com,Female,laser
129,Clarisse,Stitfall,cstitfall3k@accuweather.com,Female,bankcard
130,Granger,Philipart,gphilipart3l@google.co.uk,Male,jcb
131,Hussein,Papachristophorou,hpapachristophorou3m@ucoz.com,Male,jcb
132,Cherrita,Ashman,cashman3n@istockphoto.com,Female,jcb
133,Jude,Varker,jvarker3o@toplist.cz,Male,visa-electron
134,Dyan,Olligan,dolligan3p@hubpages.com,Female,jcb
135,Steward,Critcher,scritcher3q@ca.gov,Male,jcb
136,Karlik,Coventry,kcoventry3r@engadget.com,Male,solo
137,Roderigo,Shark,rshark3s@mapy.cz,Male,mastercard
138,Rafferty,McLelland,rmclelland3t@gravatar.com,Male,jcb
139,Yasmin,Brimblecomb,ybrimblecomb3u@forbes.com,Female,mastercard
140,Bessie,Simak,bsimak3v@geocities.com,Female,jcb
141,Neal,Miskimmon,nmiskimmon3w@nifty.com,Male,diners-club-enroute
142,Hew,Curee,hcuree3x@columbia.edu,Male,jcb
143,Alexis,Birdsall,abirdsall3y@blinklist.com,Female,jcb
144,Conn,Wanka,cwanka3z@cnbc.com,Male,bankcard
145,Dennison,Vargas,dvargas40@cbslocal.com,Male,diners-club-carte-blanche
146,Rene,Griffithe,rgriffithe41@mit.edu,Female,jcb
147,Parke,Gilffilland,pgilffilland42@tumblr.com,Male,jcb
148,Cy,Sheather,csheather43@goodreads.com,Male,americanexpress
149,Manny,Watton,mwatton44@patch.com,Male,jcb
150,Cate,Bourhill,cbourhill45@dedecms.com,Female,jcb
151,Meyer,Bertomeu,mbertomeu46@yale.edu,Male,diners-club-carte-blanche
152,Sondra,Bernucci,sbernucci47@vimeo.com,Female,jcb
153,Nick,Swatheridge,nswatheridge48@tinypic.com,Male,maestro
154,Edwin,Goffe,egoffe49@spiegel.de,Male,visa
155,Blaire,Scopyn,bscopyn4a@microsoft.com,Female,diners-club-carte-blanche
156,Windy,Crosfield,wcrosfield4b@wunderground.com,Female,switch
157,Ashley,Shitliffe,ashitliffe4c@photobucket.com,Male,americanexpress
158,Ola,Grace,ograce4d@dropbox.com,Female,bankcard
159,Hurleigh,Dobrovolny,hdobrovolny4e@sphinn.com,Male,visa-electron
160,Dill,McNess,dmcness4f@statcounter.com,Male,switch
161,Derek,Pimblotte,dpimblotte4g@pcworld.com,Male,jcb
162,Violet,Breinl,vbreinl4h@cafepress.com,Genderfluid,jcb
163,Kikelia,Whiffen,kwhiffen4i@example.com,Female,mastercard
164,Englebert,Penella,epenella4j@umn.edu,Male,bankcard
165,Perrine,Martinat,pmartinat4k@netlog.com,Female,jcb
166,Hyacintha,Swarbrick,hswarbrick4l@geocities.jp,Female,laser
167,Caprice,Peschet,cpeschet4m@bloglovin.com,Polygender,jcb
168,Pascale,Lamdin,plamdin4n@typepad.com,Male,diners-club-enroute
169,Grove,Laville,glaville4o@altervista.org,Male,switch
170,Kerianne,Maddy,kmaddy4p@netscape.com,Female,bankcard
171,Xavier,Tosh,xtosh4q@ed.gov,Male,americanexpress
172,Cathe,Arnaudot,carnaudot4r@surveymonkey.com,Agender,china-unionpay
173,Sidonnie,Hagerty,shagerty4s@pcworld.com,Female,visa-electron
174,Constantine,Growcock,cgrowcock4t@g.co,Female,bankcard
175,Joline,Possel,jpossel4u@soup.io,Female,jcb
176,Konstantin,Longman,klongman4v@japanpost.jp,Male,instapayment
177,Mick,Bladon,mbladon4w@w3.org,Male,visa-electron
178,Brandyn,Martlew,bmartlew4x@cloudflare.com,Male,maestro
179,Patrice,Sheringham,psheringham4y@mtv.com,Male,jcb
180,Carmencita,Coldicott,ccoldicott4z@is.gd,Bigender,jcb
181,Hagan,Barme,hbarme50@geocities.com,Male,jcb
182,Marcia,Pellman,mpellman51@wix.com,Female,jcb
183,Jose,Pichmann,jpichmann52@mashable.com,Male,jcb
184,Brigitta,Henrionot,bhenrionot53@phpbb.com,Female,visa
185,Judd,McGuckin,jmcguckin54@ovh.net,Male,switch
186,Hermy,Godsell,hgodsell55@tumblr.com,Genderqueer,jcb
187,Lowell,Beck,lbeck56@flavors.me,Male,jcb
188,Clerc,Ancketill,cancketill57@forbes.com,Male,jcb
189,Alic,Janouch,ajanouch58@nasa.gov,Genderfluid,jcb
190,Colette,Grimsell,cgrimsell59@constantcontact.com,Female,bankcard
191,Booth,Koubek,bkoubek5a@rakuten.co.jp,Male,diners-club-carte-blanche
192,Ashien,Prise,aprise5b@walmart.com,Female,china-unionpay
193,Feodora,Fullilove,ffullilove5c@engadget.com,Female,jcb
194,Andras,Ramiro,aramiro5d@wordpress.org,Male,china-unionpay
195,Zeb,Paynes,zpaynes5e@ed.gov,Male,jcb
196,Stanwood,Mulheron,smulheron5f@pcworld.com,Male,maestro
197,Kikelia,Farland,kfarland5g@upenn.edu,Female,diners-club-carte-blanche
198,Sonya,Youhill,syouhill5h@unblog.fr,Female,solo
199,Barry,Kinavan,bkinavan5i@upenn.edu,Female,jcb
200,Reinald,Zaniolo,rzaniolo5j@phoca.cz,Male,visa
201,Britta,Picford,bpicford5k@dagondesign.com,Female,maestro
202,Vinnie,Doohan,vdoohan5l@google.ru,Male,jcb
203,Vally,Smithies,vsmithies5m@hatena.ne.jp,Agender,jcb
204,Alikee,Sampson,asampson5n@rakuten.co.jp,Non-binary,jcb
205,Euphemia,Clutton,eclutton5o@ftc.gov,Female,laser
206,Putnam,Twiname,ptwiname5p@ucoz.com,Male,jcb
207,Cordie,MacCostigan,cmaccostigan5q@princeton.edu,Male,mastercard
208,Neill,Leggs,nleggs5r@huffingtonpost.com,Male,diners-club-enroute
209,Cody,Attoe,cattoe5s@infoseek.co.jp,Male,visa-electron
210,Emilia,Coyte,ecoyte5t@taobao.com,Female,americanexpress
211,Remington,Grishakov,rgrishakov5u@instagram.com,Male,switch
212,Noelyn,Creegan,ncreegan5v@soundcloud.com,Female,switch
213,Kin,Turnpenny,kturnpenny5w@epa.gov,Male,visa-electron
214,Marlee,Swalwell,mswalwell5x@blogger.com,Non-binary,jcb
215,Jillana,Haycraft,jhaycraft5y@bluehost.com,Female,jcb
216,Lynett,Byas,lbyas5z@drupal.org,Female,jcb
217,Brant,Heavyside,bheavyside60@nymag.com,Male,jcb
218,Rachael,Handover,rhandover61@ovh.net,Female,diners-club-carte-blanche
219,Katina,Bennen,kbennen62@friendfeed.com,Female,americanexpress
220,Eadith,Gough,egough63@pagesperso-orange.fr,Female,jcb
221,Matthiew,Gladdish,mgladdish64@taobao.com,Male,mastercard
222,Kathlin,Traice,ktraice65@pinterest.com,Female,switch
223,Raye,Skinley,rskinley66@ed.gov,Female,solo
224,Krystle,Wethered,kwethered67@unesco.org,Female,mastercard
225,Mychal,Leeburne,mleeburne68@guardian.co.uk,Male,mastercard
226,Arly,De Blasi,adeblasi69@slashdot.org,Non-binary,jcb
227,Lyssa,Kuhne,lkuhne6a@ameblo.jp,Female,mastercard
228,Stanly,Blandamere,sblandamere6b@blogs.com,Non-binary,instapayment
229,Josh,Prine,jprine6c@oakley.com,Genderqueer,jcb
230,Ian,Morrison,imorrison6d@gov.uk,Male,visa-electron
231,Neddie,O'Sullivan,nosullivan6e@illinois.edu,Bigender,jcb
232,Sylvia,Herrero,sherrero6f@yellowbook.com,Female,jcb
233,Denny,Brinicombe,dbrinicombe6g@usatoday.com,Male,jcb
234,Scotti,Oselton,soselton6h@mozilla.org,Male,jcb
235,Reeva,O'Tuohy,rotuohy6i@gov.uk,Female,jcb
236,Marianna,Barrington,mbarrington6j@naver.com,Female,jcb
237,Tully,Parrot,tparrot6k@omniture.com,Male,maestro
238,Amandie,Darwen,adarwen6l@ft.com,Female,americanexpress
239,York,Linck,ylinck6m@google.com.hk,Male,americanexpress
240,Nina,Shipman,nshipman6n@storify.com,Female,instapayment
241,Reinaldo,Sprigging,rsprigging6o@zimbio.com,Male,visa-electron
242,Jennie,Lanchbery,jlanchbery6p@usnews.com,Female,jcb
243,Genevra,Colly,gcolly6q@blogtalkradio.com,Female,jcb
244,Free,Kurton,fkurton6r@unicef.org,Male,diners-club-carte-blanche
245,Sharity,Bicksteth,sbicksteth6s@fc2.com,Female,diners-club-international
246,Morty,Sawley,msawley6t@hhs.gov,Male,switch
247,Mata,Ottawell,mottawell6u@ameblo.jp,Male,mastercard
248,Kenton,Mongeot,kmongeot6v@ed.gov,Male,jcb
249,Corrine,Tackes,ctackes6w@google.com.hk,Agender,visa
250,Adan,Lefever,alefever6x@cbc.ca,Female,china-unionpay
251,Pru,Flindall,pflindall6y@businesswire.com,Female,switch
252,Susanetta,Pettendrich,spettendrich6z@tripadvisor.com,Female,bankcard
253,Goddart,Donne,gdonne70@jimdo.com,Male,diners-club-enroute
254,Kaye,Reynard,kreynard71@toplist.cz,Female,visa-electron
255,Lorena,Learned,llearned72@netvibes.com,Female,jcb
256,Nolan,Girod,ngirod73@washingtonpost.com,Male,americanexpress
257,Lorin,Paddon,lpaddon74@google.es,Agender,visa-electron
258,Margret,Degg,mdegg75@umich.edu,Female,jcb
259,Davie,Corona,dcorona76@mapquest.com,Male,jcb
260,Amalea,Espinazo,aespinazo77@ebay.com,Female,jcb
261,Roman,Isakowicz,risakowicz78@ucoz.com,Male,maestro
262,Cecil,Jacmar,cjacmar79@fema.gov,Female,instapayment
263,Nan,Brosio,nbrosio7a@twitpic.com,Female,jcb
264,Florina,Crabb,fcrabb7b@sphinn.com,Female,jcb
265,Blane,Paddell,bpaddell7c@epa.gov,Male,jcb
266,Dilly,Lingwood,dlingwood7d@cdc.gov,Polygender,maestro
267,Rosamond,Hessle,rhessle7e@cargocollective.com,Female,diners-club-carte-blanche
268,Maryrose,Itzak,mitzak7f@typepad.com,Female,diners-club-us-ca
269,Camala,Bealing,cbealing7g@walmart.com,Female,jcb
270,Hasheem,Causley,hcausley7h@elegantthemes.com,Male,diners-club-international
271,Laurice,Meriet,lmeriet7i@discuz.net,Female,jcb
272,Randall,Emmines,remmines7j@businessweek.com,Male,jcb
273,Salomon,Clutterham,sclutterham7k@purevolume.com,Male,visa
274,Upton,Goodrich,ugoodrich7l@ow.ly,Male,bankcard
275,Barrett,Arnull,barnull7m@ehow.com,Male,jcb
276,Hatti,Ambrosi,hambrosi7n@flavors.me,Female,americanexpress
277,Farlee,Aird,faird7o@ehow.com,Male,jcb
278,Mack,McClay,mmcclay7p@goodreads.com,Male,jcb
279,Price,Hansana,phansana7q@webeden.co.uk,Male,jcb
280,Jammal,Engeham,jengeham7r@bandcamp.com,Male,jcb
281,Christye,Farrant,cfarrant7s@dedecms.com,Female,jcb
282,Philbert,Maw,pmaw7t@mlb.com,Male,jcb
283,Alwyn,Szymon,aszymon7u@fda.gov,Male,jcb
284,Talbert,Keston,tkeston7v@nbcnews.com,Male,laser
285,Terri-jo,Ogelbe,togelbe7w@wikispaces.com,Female,jcb
286,Bethany,Evason,bevason7x@disqus.com,Female,jcb
287,Anjanette,Jinks,ajinks7y@utexas.edu,Female,mastercard
288,Sarine,Kiss,skiss7z@netscape.com,Female,jcb
289,Blake,Pettitt,bpettitt80@friendfeed.com,Male,switch
290,Quintilla,Norris,qnorris81@census.gov,Female,jcb
291,Dorene,Tofts,dtofts82@nba.com,Female,jcb
292,Pegeen,Brailey,pbrailey83@gov.uk,Female,jcb
293,Quinta,Zmitrichenko,qzmitrichenko84@odnoklassniki.ru,Female,jcb
294,Philly,Botton,pbotton85@imgur.com,Female,jcb
295,Theressa,Sommerton,tsommerton86@time.com,Female,jcb
296,Kearney,Casier,kcasier87@si.edu,Male,mastercard
297,Boris,McTavish,bmctavish88@deviantart.com,Male,jcb
298,Willabella,Bontine,wbontine89@patch.com,Female,jcb
299,Gordon,Matterdace,gmatterdace8a@cbslocal.com,Male,americanexpress
300,Florrie,Scutchings,fscutchings8b@w3.org,Female,jcb
301,Marco,Brosel,mbrosel8c@google.com.hk,Male,jcb
302,Bernadene,Shank,bshank8d@cam.ac.uk,Female,jcb
303,Pooh,McAmish,pmcamish8e@marketwatch.com,Male,jcb
304,Kim,Corgenvin,kcorgenvin8f@tamu.edu,Female,jcb
305,Robbie,Walsh,rwalsh8g@google.com,Female,jcb
306,Raimundo,Danbrook,rdanbrook8h@census.gov,Male,jcb
307,Brinna,Labrow,blabrow8i@phpbb.com,Female,jcb
308,Bertie,Mattevi,bmattevi8j@opensource.org,Male,jcb
309,Ruthe,Purviss,rpurviss8k@mashable.com,Female,jcb
310,Binky,Tuppeny,btuppeny8l@nytimes.com,Male,mastercard
311,Danice,Battershall,dbattershall8m@ifeng.com,Female,jcb
312,Leese,Pearne,lpearne8n@godaddy.com,Female,mastercard
313,Marlo,Regina,mregina8o@networkadvertising.org,Female,jcb
314,Muffin,Durno,mdurno8p@usatoday.com,Male,mastercard
315,Shell,Stoving,sstoving8q@virginia.edu,Female,jcb
316,Noby,Remer,nremer8r@wiley.com,Male,jcb
317,Genna,Kubatsch,gkubatsch8s@china.com.cn,Female,solo
318,Millard,Embery,membery8t@flavors.me,Male,jcb
319,Alessandro,Alltimes,aalltimes8u@google.co.uk,Male,visa-electron
320,Franklyn,Bussel,fbussel8v@webeden.co.uk,Male,jcb
321,Corinna,Calcutt,ccalcutt8w@fotki.com,Female,jcb
322,Diandra,Krol,dkrol8x@artisteer.com,Female,jcb
323,Rosemaria,Harman,rharman8y@sbwire.com,Female,jcb
324,Sumner,Casarili,scasarili8z@umich.edu,Male,solo
325,Birgitta,Gillott,bgillott90@wufoo.com,Female,mastercard
326,Taylor,Carnachen,tcarnachen91@thetimes.co.uk,Male,instapayment
327,Margery,Gwyer,mgwyer92@scribd.com,Bigender,jcb
328,Bail,Akehurst,bakehurst93@home.pl,Male,diners-club-enroute
329,Tonnie,Crummie,tcrummie94@ca.gov,Male,jcb
330,Issy,Billinge,ibillinge95@is.gd,Female,laser
331,Meyer,Boothebie,mboothebie96@technorati.com,Male,visa-electron
332,Sharona,Sagar,ssagar97@nationalgeographic.com,Female,switch
333,Myrle,Bale,mbale98@wikispaces.com,Female,mastercard
334,Loy,Drees,ldrees99@abc.net.au,Male,diners-club-carte-blanche
335,Olwen,Daldry,odaldry9a@com.com,Female,jcb
336,Edgar,Glasman,eglasman9b@facebook.com,Male,diners-club-enroute
337,Starlin,Doncom,sdoncom9c@sogou.com,Female,jcb
338,Lynnelle,Drydale,ldrydale9d@dagondesign.com,Female,jcb
339,Constancia,Lindsley,clindsley9e@addthis.com,Female,mastercard
340,Oberon,Tibald,otibald9f@tinyurl.com,Male,mastercard
341,Wolfy,Reese,wreese9g@spiegel.de,Male,jcb
342,Anastassia,Lister,alister9h@gizmodo.com,Female,jcb
343,Ajay,Fazakerley,afazakerley9i@ow.ly,Female,jcb
344,Gilles,Commin,gcommin9j@mac.com,Male,jcb
345,Cris,Lage,clage9k@sbwire.com,Male,switch
346,Rudie,Gautrey,rgautrey9l@bravesites.com,Male,jcb
347,Gradey,Caccavella,gcaccavella9m@cyberchimps.com,Non-binary,visa-electron
348,Alys,Wimbush,awimbush9n@hhs.gov,Female,jcb
349,Garfield,Wilkie,gwilkie9o@goo.gl,Male,diners-club-carte-blanche
350,Velvet,Moxted,vmoxted9p@craigslist.org,Female,maestro
351,Krista,Clampton,kclampton9q@unicef.org,Polygender,jcb
352,Gris,Lanyon,glanyon9r@webeden.co.uk,Male,bankcard
353,Kassie,Burless,kburless9s@prlog.org,Female,visa-electron
354,Deonne,Fairn,dfairn9t@slideshare.net,Female,jcb
355,Tabbitha,Matveyev,tmatveyev9u@typepad.com,Female,switch
356,Stearne,Jansen,sjansen9v@umich.edu,Male,mastercard
357,Tiertza,Slinger,tslinger9w@jimdo.com,Female,visa-electron
358,Frants,Tatershall,ftatershall9x@nydailynews.com,Agender,instapayment
359,Rudiger,Philpot,rphilpot9y@ning.com,Male,jcb
360,Karoly,Smallbone,ksmallbone9z@privacy.gov.au,Genderqueer,diners-club-enroute
361,Geoffry,Llywarch,gllywarcha0@senate.gov,Male,jcb
362,Si,Hellwing,shellwinga1@xrea.com,Male,visa-electron
363,Florinda,Tohill,ftohilla2@sina.com.cn,Female,jcb
364,Ami,Terrelly,aterrellya3@sogou.com,Female,diners-club-enroute
365,Harp,Bertl,hbertla4@wix.com,Male,jcb
366,Delmor,Digger,ddiggera5@deviantart.com,Male,jcb
367,Goddart,Strover,gstrovera6@nifty.com,Male,visa
368,Suzi,Shadfourth,sshadfourtha7@github.com,Female,jcb
369,Izaak,Temlett,itemletta8@sun.com,Male,diners-club-carte-blanche
370,Kerwinn,Juggings,kjuggingsa9@usatoday.com,Male,jcb
371,Egan,Dillaway,edillawayaa@wordpress.com,Agender,jcb
372,Jodie,Swanston,jswanstonab@about.me,Male,instapayment
373,Rodrigo,Gunther,rguntherac@friendfeed.com,Male,bankcard
374,Evin,Tremayne,etremaynead@liveinternet.ru,Male,mastercard
375,Meghann,Fourmy,mfourmyae@paypal.com,Female,jcb
376,Demetria,Pryke,dprykeaf@wsj.com,Female,visa-electron
377,Fabien,Barrows,fbarrowsag@sun.com,Male,jcb
378,Malvin,Hartridge,mhartridgeah@imgur.com,Genderqueer,maestro
379,Viola,Robey,vrobeyai@cpanel.net,Female,jcb
380,Mada,Jelly,mjellyaj@gizmodo.com,Female,instapayment
381,Emeline,Davydochkin,edavydochkinak@typepad.com,Bigender,bankcard
382,Eartha,Mauditt,emaudittal@tamu.edu,Genderqueer,jcb
383,Flo,Waplington,fwaplingtonam@aol.com,Female,diners-club-enroute
384,Shell,Soreau,ssoreauan@tiny.cc,Female,visa
385,Athene,Nelsen,anelsenao@youku.com,Polygender,jcb
386,Opal,Windeatt,owindeattap@samsung.com,Female,jcb
387,Katherina,Clemensen,kclemensenaq@yale.edu,Female,jcb
388,Cherilyn,Frances,cfrancesar@devhub.com,Female,visa-electron
389,Beatrice,Mountain,bmountainas@go.com,Female,jcb
390,Desmond,Zanettini,dzanettiniat@newsvine.com,Bigender,mastercard
391,Amitie,Bier,abierau@jalbum.net,Genderfluid,jcb
392,Henrietta,Filippov,hfilippovav@vk.com,Female,diners-club-carte-blanche
393,Lida,Elijah,lelijahaw@si.edu,Female,visa-electron
394,Mattheus,Sweeny,msweenyax@odnoklassniki.ru,Male,jcb
395,Robers,Peggram,rpeggramay@squarespace.com,Male,americanexpress
396,Mikel,Sline,mslineaz@webs.com,Male,diners-club-carte-blanche
397,Toby,Larvent,tlarventb0@home.pl,Male,americanexpress
398,Patrice,Pearch,ppearchb1@tinypic.com,Female,visa
399,Benedetta,Lortz,blortzb2@businesswire.com,Bigender,jcb
400,Emily,Sharrard,esharrardb3@bravesites.com,Female,visa-electron
401,Hurlee,Frie,hfrieb4@youku.com,Male,diners-club-us-ca
402,Roby,Seery,rseeryb5@cafepress.com,Female,jcb
403,Mark,Sirr,msirrb6@prlog.org,Male,jcb
404,Zelma,Corneille,zcorneilleb7@ustream.tv,Female,switch
405,Sayers,Reichardt,sreichardtb8@ebay.com,Male,jcb
406,Charla,Bentame,cbentameb9@java.com,Female,jcb
407,Otho,Pinckard,opinckardba@craigslist.org,Male,mastercard
408,Denni,Streader,dstreaderbb@dailymotion.com,Female,mastercard
409,Melodee,Breit,mbreitbc@paginegialle.it,Female,americanexpress
410,Orelle,Tanton,otantonbd@feedburner.com,Genderfluid,jcb
411,Rita,Behrendsen,rbehrendsenbe@apache.org,Female,jcb
412,Meir,Valintine,mvalintinebf@goo.ne.jp,Male,visa
413,Ardelle,Topp,atoppbg@senate.gov,Female,jcb
414,Lorrie,O'Brogan,lobroganbh@businessweek.com,Female,jcb
415,Zane,Olenikov,zolenikovbi@constantcontact.com,Male,jcb
416,Dominica,Tune,dtunebj@goo.gl,Female,jcb
417,Geri,Croasdale,gcroasdalebk@seattletimes.com,Male,jcb
418,Carol,Borges,cborgesbl@tmall.com,Female,diners-club-enroute
419,Garold,Menendes,gmenendesbm@google.com,Male,jcb
420,Derrick,D'Abbot-Doyle,ddabbotdoylebn@cocolog-nifty.com,Male,maestro
421,Rodolfo,Crush,rcrushbo@fc2.com,Male,visa-electron
422,Jude,Prendergrass,jprendergrassbp@360.cn,Male,jcb
423,Welsh,Buttery,wbutterybq@multiply.com,Male,jcb
424,Roland,Skase,rskasebr@youtube.com,Male,bankcard
425,Christal,Whitewood,cwhitewoodbs@1688.com,Female,jcb
426,Eugenie,Haggeth,ehaggethbt@t.co,Female,diners-club-carte-blanche
427,Kary,Ost,kostbu@histats.com,Female,visa-electron
428,Viviene,Bromidge,vbromidgebv@theglobeandmail.com,Female,americanexpress
429,Harald,Pesselt,hpesseltbw@buzzfeed.com,Male,maestro
430,Thomasin,Watkiss,twatkissbx@hatena.ne.jp,Female,americanexpress
431,Ximenes,Bernade,xbernadeby@tumblr.com,Male,mastercard
432,Coriss,Le Gallo,clegallobz@forbes.com,Female,maestro
433,Willem,McTurley,wmcturleyc0@vistaprint.com,Male,mastercard
434,Adolphus,Lewcock,alewcockc1@dailymail.co.uk,Male,switch
435,Devy,Littlefield,dlittlefieldc2@fotki.com,Male,jcb
436,Shandeigh,Lowthian,slowthianc3@cnet.com,Female,americanexpress
437,Ellswerth,Vipan,evipanc4@bloglovin.com,Male,jcb
438,Gerhard,Buckel,gbuckelc5@cam.ac.uk,Male,diners-club-enroute
439,Therine,Goldstone,tgoldstonec6@istockphoto.com,Female,jcb
440,Rodolfo,MacTrustam,rmactrustamc7@photobucket.com,Male,jcb
441,Roldan,Ambrogiotti,rambrogiottic8@tumblr.com,Male,mastercard
442,Cob,Yitzhok,cyitzhokc9@sogou.com,Agender,mastercard
443,Megan,Meffin,mmeffinca@histats.com,Female,diners-club-enroute
444,Leonie,Harpham,lharphamcb@wp.com,Female,mastercard
445,Elliott,Kunneke,ekunnekecc@sun.com,Bigender,jcb
446,Culley,Spataro,cspatarocd@google.com.hk,Agender,jcb
447,Skell,Rayburn,srayburnce@spiegel.de,Male,visa
448,Lazare,Avrahamoff,lavrahamoffcf@ed.gov,Male,jcb
449,Cornelius,Lamburne,clamburnecg@google.de,Male,jcb
450,Barney,Shippey,bshippeych@craigslist.org,Male,switch
451,Britte,Rive,briveci@google.pl,Female,china-unionpay
452,Stavros,Murtell,smurtellcj@usgs.gov,Non-binary,americanexpress
453,Zebedee,Washtell,zwashtellck@usatoday.com,Male,maestro
454,Angelo,De Zamudio,adezamudiocl@e-recht24.de,Male,instapayment
455,Billy,Kinahan,bkinahancm@senate.gov,Male,maestro
456,Olivie,Dyter,odytercn@netscape.com,Female,diners-club-enroute
457,Kacey,Hele,kheleco@comsenz.com,Female,americanexpress
458,Terri-jo,Selcraig,tselcraigcp@ihg.com,Female,jcb
459,Husein,Brinicombe,hbrinicombecq@reverbnation.com,Male,laser
460,Anselma,Jeenes,ajeenescr@angelfire.com,Female,jcb
461,Gibb,Rudolfer,grudolfercs@ycombinator.com,Male,jcb
462,Fowler,Eagleston,feaglestonct@altervista.org,Male,switch
463,Arvy,Habble,ahabblecu@businessinsider.com,Male,diners-club-carte-blanche
464,Brucie,Kielty,bkieltycv@nps.gov,Male,instapayment
465,Josey,Senett,jsenettcw@ucla.edu,Female,jcb
466,Robert,Nolot,rnolotcx@symantec.com,Male,maestro
467,Charyl,Prys,cpryscy@mozilla.com,Female,jcb
468,Dulcinea,Woodberry,dwoodberrycz@discovery.com,Female,maestro
469,Dael,Lathleiff,dlathleiffd0@ca.gov,Male,jcb
470,Jerrold,Rosier,jrosierd1@cnbc.com,Male,china-unionpay
471,Dur,Cargenven,dcargenvend2@dailymotion.com,Non-binary,bankcard
472,Aguste,Carlesi,acarlesid3@livejournal.com,Male,visa-electron
473,Laura,Hull,lhulld4@homestead.com,Genderfluid,switch
474,Nathan,Spriddle,nspriddled5@harvard.edu,Bigender,mastercard
475,Felisha,Gateley,fgateleyd6@businesswire.com,Female,americanexpress
476,Boigie,Handrik,bhandrikd7@netvibes.com,Male,solo
477,Goldi,L' Anglois,glangloisd8@qq.com,Female,jcb
478,Dud,Hasely,dhaselyd9@nyu.edu,Male,mastercard
479,Padraic,Reolfo,preolfoda@ibm.com,Male,visa-electron
480,Stephana,Hayley,shayleydb@usa.gov,Female,maestro
481,Wilma,Arnott,warnottdc@amazon.co.uk,Female,jcb
482,Swen,Coulthard,scoultharddd@scientificamerican.com,Male,laser
483,Nester,Jeannot,njeannotde@samsung.com,Male,jcb
484,Jeri,Durrance,jdurrancedf@ifeng.com,Female,visa-electron
485,Raul,Fautley,rfautleydg@deviantart.com,Male,maestro
486,Vivie,Spencook,vspencookdh@xrea.com,Bigender,jcb
487,Indira,Lamshead,ilamsheaddi@boston.com,Female,jcb
488,Farrel,Daymont,fdaymontdj@photobucket.com,Male,jcb
489,Marco,Leppington,mleppingtondk@shinystat.com,Male,mastercard
490,Helga,Girdwood,hgirdwooddl@liveinternet.ru,Female,jcb
491,Rora,Meaking,rmeakingdm@sciencedirect.com,Female,jcb
492,Charlton,Prudence,cprudencedn@surveymonkey.com,Male,instapayment
493,Barbaraanne,Lawrenson,blawrensondo@liveinternet.ru,Genderqueer,diners-club-international
494,Cynthie,Ogan,cogandp@ask.com,Female,jcb
495,Lorinda,Atterley,latterleydq@oaic.gov.au,Female,laser
496,Robinson,Kings,rkingsdr@cdc.gov,Male,mastercard
497,Vikky,Harriot,vharriotds@hibu.com,Female,visa-electron
498,Amalle,Metzel,ametzeldt@weather.com,Female,maestro
499,Berny,Windmill,bwindmilldu@cnbc.com,Male,americanexpress
500,Nollie,Davidman,ndavidmandv@tinyurl.com,Male,americanexpress
